timestamp,participant-id,session-id,source,rr-interval
1469618753.0,9,10,empatica,671.906
1469619394.0,9,10,empatica,640.654
1469620066.0,9,10,empatica,671.906
1469620737.0,9,10,empatica,671.906
1469621378.0,9,10,empatica,640.654
1469622050.0,9,10,empatica,671.906
1469622722.0,9,10,empatica,671.906
1469623441.0,9,10,empatica,718.783
1469640832.0,9,10,empatica,718.783
1469641582.0,9,10,empatica,750.034
1469642332.0,9,10,empatica,750.034
1469643129.0,9,10,empatica,796.911
1469643895.0,9,10,empatica,765.66
1469644660.0,9,10,empatica,765.66
1469645504.0,9,10,empatica,843.789
1469646270.0,9,10,empatica,765.66
1469647020.0,9,10,empatica,750.034
1469647739.0,9,10,empatica,718.783
1469648426.0,9,10,empatica,687.531
1469649114.0,9,10,empatica,687.531
1469649864.0,9,10,empatica,750.034
1469650645.0,9,10,empatica,781.286
1469651364.0,9,10,empatica,718.783
1469652098.0,9,10,empatica,734.409
1469652833.0,9,10,empatica,734.409
1469653536.0,9,10,empatica,703.157
1469654286.0,9,10,empatica,750.034
1469655005.0,9,10,empatica,718.783
1469655739.0,9,10,empatica,734.409
1469656458.0,9,10,empatica,718.783
1469657177.0,9,10,empatica,718.783
1469657895.0,9,10,empatica,718.783
1469658583.0,9,10,empatica,687.531
1469659270.0,9,10,empatica,687.531
1469660036.0,9,10,empatica,765.66
1469660771.0,9,10,empatica,734.409
1469661583.0,9,10,empatica,812.537
1469662396.0,9,10,empatica,812.537
1469669412.0,9,10,empatica,765.66
1469670208.0,9,10,empatica,796.911
1469670959.0,9,10,empatica,750.034
1469671755.0,9,10,empatica,796.911
1469672552.0,9,10,empatica,796.911
1469673271.0,9,10,empatica,718.783
1469674021.0,9,10,empatica,750.034
1469674802.0,9,10,empatica,781.286
1469692131.0,9,10,empatica,765.66
1469692897.0,9,10,empatica,765.66
1469702241.0,9,10,empatica,750.034
1469703022.0,9,10,empatica,781.286
1469716242.0,9,10,empatica,734.409
1469716992.0,9,10,empatica,750.034
1469717648.0,9,10,empatica,656.28
1469718398.0,9,10,empatica,750.034
1469719117.0,9,10,empatica,718.783
1469719914.0,9,10,empatica,796.911
1469720680.0,9,10,empatica,765.66
1469721398.0,9,10,empatica,718.783
1469722226.0,9,10,empatica,828.163
1469722977.0,9,10,empatica,750.034
1469723727.0,9,10,empatica,750.034
1469724508.0,9,10,empatica,781.286
1469725258.0,9,10,empatica,750.034
1469726024.0,9,10,empatica,765.66
1469726820.0,9,10,empatica,796.911
1469727617.0,9,10,empatica,796.911
1469728352.0,9,10,empatica,734.409
1469729117.0,9,10,empatica,765.66
1469729883.0,9,10,empatica,765.66
1469730571.0,9,10,empatica,687.531
1469731352.0,9,10,empatica,781.286
1469732133.0,9,10,empatica,781.286
1469732868.0,9,10,empatica,734.409
1469733602.0,9,10,empatica,734.409
1469734368.0,9,10,empatica,765.66
1469741274.0,9,10,empatica,703.157
1469741931.0,9,10,empatica,656.28
1469742602.0,9,10,empatica,671.906
1469743352.0,9,10,empatica,750.034
1469744071.0,9,10,empatica,718.783
1469744821.0,9,10,empatica,750.034
1469745556.0,9,10,empatica,734.409
1469746321.0,9,10,empatica,765.66
1469747024.0,9,10,empatica,703.157
1469747759.0,9,10,empatica,734.409
1469748493.0,9,10,empatica,734.409
1469749243.0,9,10,empatica,750.034
1469749962.0,9,10,empatica,718.783
1469750728.0,9,10,empatica,765.66
1469751431.0,9,10,empatica,703.157
1469762181.0,9,10,empatica,734.409
1469763056.0,9,10,empatica,875.04
1469770182.0,9,10,empatica,593.777
1469774323.0,9,10,empatica,890.666
1469775026.0,9,10,empatica,703.157
1469775823.0,9,10,empatica,796.911
1469776682.0,9,10,empatica,859.414
1469777354.0,9,10,empatica,671.906
1469778104.0,9,10,empatica,750.034
1469782948.0,9,10,empatica,812.537
1469783714.0,9,10,empatica,765.66
1469784479.0,9,10,empatica,765.66
1469785245.0,9,10,empatica,765.66
1469785995.0,9,10,empatica,750.034
1469820418.0,9,10,empatica,750.034
1469821215.0,9,10,empatica,796.911
1469822059.0,9,10,empatica,843.789
1469822903.0,9,10,empatica,843.789
1469823684.0,9,10,empatica,781.286
1469824434.0,9,10,empatica,750.034
1469825169.0,9,10,empatica,734.409
1469858014.0,9,10,empatica,765.66
1469858780.0,9,10,empatica,765.66
1469859561.0,9,10,empatica,781.286
1469860295.0,9,10,empatica,734.409
1469861061.0,9,10,empatica,765.66
1469861842.0,9,10,empatica,781.286
1469862655.0,9,10,empatica,812.537
1469863483.0,9,10,empatica,828.163
1469864264.0,9,10,empatica,781.286
1469865061.0,9,10,empatica,796.911
1469865827.0,9,10,empatica,765.66
1469866514.0,9,10,empatica,687.531
1469867217.0,9,10,empatica,703.157
1469867921.0,9,10,empatica,703.157
1469868655.0,9,10,empatica,734.409
1469869405.0,9,10,empatica,750.034
1469870108.0,9,10,empatica,703.157
1469870843.0,9,10,empatica,734.409
1469871608.0,9,10,empatica,765.66
1469872280.0,9,10,empatica,671.906
1469873124.0,9,10,empatica,843.789
1469873890.0,9,10,empatica,765.66
1469881406.0,9,10,empatica,796.911
1469882203.0,9,10,empatica,796.911
1469883015.0,9,10,empatica,812.537
1469883796.0,9,10,empatica,781.286
1469884500.0,9,10,empatica,703.157
1469885343.0,9,10,empatica,843.789
1469886125.0,9,10,empatica,781.286
1469886843.0,9,10,empatica,718.783
1469887625.0,9,10,empatica,781.286
1469888422.0,9,10,empatica,796.911
1469889234.0,9,10,empatica,812.537
1469890094.0,9,10,empatica,859.414
1469890875.0,9,10,empatica,781.286
1469891687.0,9,10,empatica,812.537
1469892547.0,9,10,empatica,859.414
1469893406.0,9,10,empatica,859.414
1469894266.0,9,10,empatica,859.414
1469895078.0,9,10,empatica,812.537
1469895828.0,9,10,empatica,750.034
1469896594.0,9,10,empatica,765.66
1469897391.0,9,10,empatica,796.911
1469898110.0,9,10,empatica,718.783
1469898891.0,9,10,empatica,781.286
1469899625.0,9,10,empatica,734.409
1469900360.0,9,10,empatica,734.409
1469901125.0,9,10,empatica,765.66
1469901891.0,9,10,empatica,765.66
1469902735.0,9,10,empatica,843.789
1469903532.0,9,10,empatica,796.911
1469904313.0,9,10,empatica,781.286
1469905094.0,9,10,empatica,781.286
1469905860.0,9,10,empatica,765.66
1469906657.0,9,10,empatica,796.911
1469907454.0,9,10,empatica,796.911
1469908235.0,9,10,empatica,781.286
1469908985.0,9,10,empatica,750.034
1469909798.0,9,10,empatica,812.537
1469910626.0,9,10,empatica,828.163
1469911454.0,9,10,empatica,828.163
1469919845.0,9,10,empatica,765.66
1469920595.0,9,10,empatica,750.034
1469921376.0,9,10,empatica,781.286
1469922158.0,9,10,empatica,781.286
1469922970.0,9,10,empatica,812.537
1469923751.0,9,10,empatica,781.286
1469924486.0,9,10,empatica,734.409
1469925236.0,9,10,empatica,750.034
1469925986.0,9,10,empatica,750.034
1469926798.0,9,10,empatica,812.537
1469927642.0,9,10,empatica,843.789
1469949424.0,9,10,empatica,796.911
1469950221.0,9,10,empatica,796.911
1469950987.0,9,10,empatica,765.66
1469951799.0,9,10,empatica,812.537
1469952612.0,9,10,empatica,812.537
1469953362.0,9,10,empatica,750.034
1469954112.0,9,10,empatica,750.034
1469954862.0,9,10,empatica,750.034
1469955597.0,9,10,empatica,734.409
1469956362.0,9,10,empatica,765.66
1469957128.0,9,10,empatica,765.66
1469957894.0,9,10,empatica,765.66
1469958659.0,9,10,empatica,765.66
1469959378.0,9,10,empatica,718.783
1469960097.0,9,10,empatica,718.783
1469960847.0,9,10,empatica,750.034
1469961612.0,9,10,empatica,765.66
1469962378.0,9,10,empatica,765.66
1469963113.0,9,10,empatica,734.409
1469963847.0,9,10,empatica,734.409
1469964613.0,9,10,empatica,765.66
1469965363.0,9,10,empatica,750.034
1469966035.0,9,10,empatica,671.906
1469966753.0,9,10,empatica,718.783
1469967488.0,9,10,empatica,734.409
1469968160.0,9,10,empatica,671.906
1469968894.0,9,10,empatica,734.409
1469969675.0,9,10,empatica,781.286
1469970410.0,9,10,empatica,734.409
1469971175.0,9,10,empatica,765.66
1469971894.0,9,10,empatica,718.783
1469972644.0,9,10,empatica,750.034
1469973363.0,9,10,empatica,718.783
1469974082.0,9,10,empatica,718.783
1469974801.0,9,10,empatica,718.783
1469975582.0,9,10,empatica,781.286
1469976363.0,9,10,empatica,781.286
1469977129.0,9,10,empatica,765.66
1469977910.0,9,10,empatica,781.286
1469978691.0,9,10,empatica,781.286
1469979504.0,9,10,empatica,812.537
1469980301.0,9,10,empatica,796.911
1469981113.0,9,10,empatica,812.537
1469981895.0,9,10,empatica,781.286
1469982676.0,9,10,empatica,781.286
1469983442.0,9,10,empatica,765.66
1469984192.0,9,10,empatica,750.034
1469984910.0,9,10,empatica,718.783
1469985645.0,9,10,empatica,734.409
1469986410.0,9,10,empatica,765.66
1469987192.0,9,10,empatica,781.286
1469987989.0,9,10,empatica,796.911
1469988770.0,9,10,empatica,781.286
1469989473.0,9,10,empatica,703.157
1469990192.0,9,10,empatica,718.783
1469990926.0,9,10,empatica,734.409
1469991676.0,9,10,empatica,750.034
1469992395.0,9,10,empatica,718.783
1469993067.0,9,10,empatica,671.906
1469993786.0,9,10,empatica,718.783
1469994473.0,9,10,empatica,687.531
1469995192.0,9,10,empatica,718.783
1469995880.0,9,10,empatica,687.531
1469996567.0,9,10,empatica,687.531
1469997286.0,9,10,empatica,718.783
1469997989.0,9,10,empatica,703.157
1469998661.0,9,10,empatica,671.906
1469999427.0,9,10,empatica,765.66
1470000036.0,9,10,empatica,609.403
1470013818.0,9,10,empatica,796.911
1470014521.0,9,10,empatica,703.157
1470027615.0,9,10,empatica,765.66
1470028256.0,9,10,empatica,640.654
1470028944.0,9,10,empatica,687.531
1470029834.0,9,10,empatica,890.666
1470044304.0,9,10,empatica,671.906
1470045069.0,9,10,empatica,765.66
1470045757.0,9,10,empatica,687.531
1470046460.0,9,10,empatica,703.157
1470047210.0,9,10,empatica,750.034
1470048007.0,9,10,empatica,796.911
1470048695.0,9,10,empatica,687.531
1470049460.0,9,10,empatica,765.66
1470050304.0,9,10,empatica,843.789
1470053429.0,9,10,empatica,593.777
1470054054.0,9,10,empatica,625.029
1470054710.0,9,10,empatica,656.28
1470055398.0,9,10,empatica,687.531
1470056101.0,9,10,empatica,703.157
1470056679.0,9,10,empatica,578.151
1470057367.0,9,10,empatica,687.531
1470058070.0,9,10,empatica,703.157
1470058679.0,9,10,empatica,609.403
1470062789.0,9,10,empatica,687.531
1470063445.0,9,10,empatica,656.28
1470064195.0,9,10,empatica,750.034
1470069805.0,9,10,empatica,781.286
1470070524.0,9,10,empatica,718.783
1470071242.0,9,10,empatica,718.783
1470072024.0,9,10,empatica,781.286
1470072789.0,9,10,empatica,765.66
1470073618.0,9,10,empatica,828.163
1470074414.0,9,10,empatica,796.911
1470075243.0,9,10,empatica,828.163
1470075993.0,9,10,empatica,750.034
1470076774.0,9,10,empatica,781.286
1470077493.0,9,10,empatica,718.783
1470078180.0,9,10,empatica,687.531
1470078899.0,9,10,empatica,718.783
1470085962.0,9,10,empatica,921.917
1470089259.0,9,10,empatica,718.783
1470095025.0,9,10,empatica,609.403
1470099556.0,9,10,empatica,625.029
1470100244.0,9,10,empatica,687.531
1470100994.0,9,10,empatica,750.034
1470101931.0,9,10,empatica,937.543
1470102650.0,9,10,empatica,718.783
1470103447.0,9,10,empatica,796.911
1470104400.0,9,10,empatica,953.169
1470105166.0,9,10,empatica,765.66
1470105838.0,9,10,empatica,671.906
1470106775.0,9,10,empatica,937.543
1470110463.0,9,10,empatica,875.04
1470111104.0,9,10,empatica,640.654
1470131589.0,9,10,empatica,890.666
1470132386.0,9,10,empatica,796.911
1470133261.0,9,10,empatica,875.04
1470136839.0,9,10,empatica,765.66
1470137558.0,9,10,empatica,718.783
1470138371.0,9,10,empatica,812.537
1470139074.0,9,10,empatica,703.157
1470139855.0,9,10,empatica,781.286
1470140589.0,9,10,empatica,734.409
1470141339.0,9,10,empatica,750.034
1470142136.0,9,10,empatica,796.911
1470142793.0,9,10,empatica,656.28
1470143590.0,9,10,empatica,796.911
1470144199.0,9,10,empatica,609.403
1470144855.0,9,10,empatica,656.28
1470150074.0,9,10,empatica,890.666
1470150777.0,9,10,empatica,703.157
1470151559.0,9,10,empatica,781.286
1470152293.0,9,10,empatica,734.409
1470153262.0,9,10,empatica,968.794
1470156371.0,9,10,empatica,656.28
1470157137.0,9,10,empatica,765.66
1470157825.0,9,10,empatica,687.531
1470158653.0,9,10,empatica,828.163
1470159325.0,9,10,empatica,671.906
1470160137.0,9,10,empatica,812.537
1470160965.0,9,10,empatica,828.163
1470161715.0,9,10,empatica,750.034
1470162450.0,9,10,empatica,734.409
1470163419.0,9,10,empatica,968.794
1470175482.0,9,10,empatica,687.531
1470176138.0,9,10,empatica,656.28
1470176810.0,9,10,empatica,671.906
1470190592.0,9,10,empatica,812.537
1470191342.0,9,10,empatica,750.034
1470195717.0,9,10,empatica,625.029
1470196420.0,9,10,empatica,703.157
1470197014.0,9,10,empatica,593.777
1470230218.0,9,10,empatica,734.409
1470238531.0,9,10,empatica,750.034
1470257642.0,9,10,empatica,734.409
1470258439.0,9,10,empatica,796.911
1470259251.0,9,10,empatica,812.537
1470260048.0,9,10,empatica,796.911
1470260657.0,9,10,empatica,609.403
1470282424.0,9,10,empatica,796.911
1470286034.0,9,10,empatica,640.654
1470286799.0,9,10,empatica,765.66
1470294300.0,9,10,empatica,781.286
1470294940.0,9,10,empatica,640.654
1470295596.0,9,10,empatica,656.28
1470309488.0,9,10,empatica,781.286
1470310222.0,9,10,empatica,734.409
1470315613.0,9,10,empatica,640.654
1470325676.0,9,10,empatica,640.654
1470326317.0,9,10,empatica,640.654
1470327145.0,9,10,empatica,828.163
1470327801.0,9,10,empatica,656.28
1470328692.0,9,10,empatica,890.666
1470334505.0,9,10,empatica,640.654
1470346411.0,9,10,empatica,781.286
1470347208.0,9,10,empatica,796.911
1470347818.0,9,10,empatica,609.403
1470353865.0,9,10,empatica,687.531
1470359006.0,9,10,empatica,781.286
1470359631.0,9,10,empatica,625.029
1470360428.0,9,10,empatica,796.911
1470361053.0,9,10,empatica,625.029
1470365068.0,9,10,empatica,578.151
1470368850.0,9,10,empatica,687.531
1470369709.0,9,10,empatica,859.414
1470370491.0,9,10,empatica,781.286
1470379194.0,9,10,empatica,890.666
1470379866.0,9,10,empatica,671.906
1470380694.0,9,10,empatica,828.163
1470392570.0,9,10,empatica,750.034
1470402086.0,9,10,empatica,703.157
1470402805.0,9,10,empatica,718.783
1470403476.0,9,10,empatica,671.906
1470404336.0,9,10,empatica,859.414
1470418180.0,9,10,empatica,687.531
1470437165.0,9,10,empatica,906.291
1470437900.0,9,10,empatica,734.409
1470438822.0,9,10,empatica,921.917
1470455119.0,9,10,empatica,703.157
1470455885.0,9,10,empatica,765.66
1470456494.0,9,10,empatica,609.403
1470457213.0,9,10,empatica,718.783
1470457885.0,9,10,empatica,671.906
1470458620.0,9,10,empatica,734.409
1470459260.0,9,10,empatica,640.654
1470460026.0,9,10,empatica,765.66
1470460745.0,9,10,empatica,718.783
1470461479.0,9,10,empatica,734.409
1470462260.0,9,10,empatica,781.286
1470463167.0,9,10,empatica,906.291
1470466854.0,9,10,empatica,656.28
1470467479.0,9,10,empatica,625.029
1470468276.0,9,10,empatica,796.911
1470474198.0,9,10,empatica,1218.806
1470478620.0,9,10,empatica,843.789
1470485402.0,9,10,empatica,843.789
1470504981.0,9,10,empatica,828.163
1470505622.0,9,10,empatica,640.654
1470517810.0,9,10,empatica,828.163
1470554702.0,9,10,empatica,765.66
1470561796.0,9,10,empatica,703.157
1470562640.0,9,10,empatica,843.789
1470563452.0,9,10,empatica,812.537
1470564437.0,9,10,empatica,984.42
1470587313.0,9,10,empatica,765.66
1470587922.0,9,10,empatica,609.403
1470604986.0,9,10,empatica,875.04
1470605751.0,9,10,empatica,765.66
1470609361.0,9,10,empatica,781.286
1470610080.0,9,10,empatica,718.783
1470610752.0,9,10,empatica,671.906
1470611611.0,9,10,empatica,859.414
1470612392.0,9,10,empatica,781.286
1470613127.0,9,10,empatica,734.409
1470613986.0,9,10,empatica,859.414
1470614642.0,9,10,empatica,656.28
1470615486.0,9,10,empatica,843.789
1470616174.0,9,10,empatica,687.531
1470616986.0,9,10,empatica,812.537
1470617705.0,9,10,empatica,718.783
1470626299.0,9,10,empatica,937.543
1470646175.0,9,10,empatica,625.029
1470656832.0,9,10,empatica,796.911
1470657597.0,9,10,empatica,765.66
1470658238.0,9,10,empatica,640.654
1470658926.0,9,10,empatica,687.531
1470659660.0,9,10,empatica,734.409
1470660379.0,9,10,empatica,718.783
1470661129.0,9,10,empatica,750.034
1470661723.0,9,10,empatica,593.777
1470662520.0,9,10,empatica,796.911
1470663270.0,9,10,empatica,750.034
1470663926.0,9,10,empatica,656.28
1470664660.0,9,10,empatica,734.409
1470665363.0,9,10,empatica,703.157
1470666207.0,9,10,empatica,843.789
1470690552.0,9,10,empatica,718.783
1470691333.0,9,10,empatica,781.286
1470692083.0,9,10,empatica,750.034
1470692865.0,9,10,empatica,781.286
1470693630.0,9,10,empatica,765.66
1470694365.0,9,10,empatica,734.409
1470695099.0,9,10,empatica,734.409
1470695834.0,9,10,empatica,734.409
1470696459.0,9,10,empatica,625.029
1470697177.0,9,10,empatica,718.783
1470697912.0,9,10,empatica,734.409
1470698709.0,9,10,empatica,796.911
1470699521.0,9,10,empatica,812.537
1470700224.0,9,10,empatica,703.157
1470701162.0,9,10,empatica,937.543
1470706115.0,9,10,empatica,687.531
1470706834.0,9,10,empatica,718.783
1470716100.0,9,10,empatica,859.414
1470716819.0,9,10,empatica,718.783
1470717647.0,9,10,empatica,828.163
1470718444.0,9,10,empatica,796.911
1470729116.0,9,10,empatica,671.906
1470729835.0,9,10,empatica,718.783
1470730663.0,9,10,empatica,828.163
1470731445.0,9,10,empatica,781.286
1470732273.0,9,10,empatica,828.163
1470733195.0,9,10,empatica,921.917
1470734038.0,9,10,empatica,843.789
1470740086.0,9,10,empatica,703.157
1470740773.0,9,10,empatica,687.531
1470741508.0,9,10,empatica,734.409
1470742164.0,9,10,empatica,656.28
1470742898.0,9,10,empatica,734.409
1470743648.0,9,10,empatica,750.034
1470744445.0,9,10,empatica,796.911
1470745195.0,9,10,empatica,750.034
1470746086.0,9,10,empatica,890.666
1470746852.0,9,10,empatica,765.66
1470747664.0,9,10,empatica,812.537
1470748367.0,9,10,empatica,703.157
1470749070.0,9,10,empatica,703.157
1470749820.0,9,10,empatica,750.034
1470750539.0,9,10,empatica,718.783
1470751289.0,9,10,empatica,750.034
1470751977.0,9,10,empatica,687.531
1470752867.0,9,10,empatica,890.666
1470763571.0,9,10,empatica,703.157
1470764337.0,9,10,empatica,765.66
1470765118.0,9,10,empatica,781.286
1470770399.0,9,10,empatica,750.034
1470771353.0,9,10,empatica,953.169
1470778415.0,9,10,empatica,687.531
1470848028.0,9,10,empatica,593.777
1470853294.0,9,10,empatica,921.917
1470859279.0,9,10,empatica,718.783
1470862935.0,9,10,empatica,812.537
1470863654.0,9,10,empatica,718.783
1470864279.0,9,10,empatica,625.029
1470865138.0,9,10,empatica,859.414
1470865966.0,9,10,empatica,828.163
1470866591.0,9,10,empatica,625.029
1470867373.0,9,10,empatica,781.286
1470868091.0,9,10,empatica,718.783
1470868904.0,9,10,empatica,812.537
1470869545.0,9,10,empatica,640.654
1470870279.0,9,10,empatica,734.409
1470871123.0,9,10,empatica,843.789
1470871920.0,9,10,empatica,796.911
1470872592.0,9,10,empatica,671.906
1470896968.0,9,10,empatica,781.286
1470928954.0,9,10,empatica,671.906
1470929625.0,9,10,empatica,671.906
1470930297.0,9,10,empatica,671.906
1470936985.0,9,10,empatica,968.794
1470937720.0,9,10,empatica,734.409
1470938767.0,9,10,empatica,1046.923
1470953127.0,9,10,empatica,1562.572
1470954767.0,9,10,empatica,1640.7
1470981222.0,9,10,empatica,625.029
1471002863.0,9,10,empatica,796.911
1471003582.0,9,10,empatica,718.783
1471004191.0,9,10,empatica,609.403
1471004770.0,9,10,empatica,578.151
1471005535.0,9,10,empatica,765.66
1471006098.0,9,10,empatica,562.526
1471006910.0,9,10,empatica,812.537
1471019614.0,9,10,empatica,734.409
1471039052.0,9,10,empatica,593.777
1471039568.0,9,10,empatica,515.649
1471040084.0,9,10,empatica,515.649
1471040756.0,9,10,empatica,671.906
1471071444.0,9,10,empatica,625.029
1471072023.0,9,10,empatica,578.151
1471075960.0,9,10,empatica,687.531
1471076679.0,9,10,empatica,718.783
1471077226.0,9,10,empatica,546.9
1471092555.0,9,10,empatica,609.403
1471093086.0,9,10,empatica,531.274
1471093711.0,9,10,empatica,625.029
1471102805.0,9,10,empatica,609.403
1471103446.0,9,10,empatica,640.654
1471104118.0,9,10,empatica,671.906
1471104821.0,9,10,empatica,703.157
1471105493.0,9,10,empatica,671.906
1471106196.0,9,10,empatica,703.157
1471106946.0,9,10,empatica,750.034
1471107649.0,9,10,empatica,703.157
1471108352.0,9,10,empatica,703.157
1471109056.0,9,10,empatica,703.157
1471109759.0,9,10,empatica,703.157
1471110446.0,9,10,empatica,687.531
1471111103.0,9,10,empatica,656.28
1471111790.0,9,10,empatica,687.531
1471112399.0,9,10,empatica,609.403
1471113009.0,9,10,empatica,609.403
1471113618.0,9,10,empatica,609.403
1471114228.0,9,10,empatica,609.403
1471114868.0,9,10,empatica,640.654
1471115634.0,9,10,empatica,765.66
1471116290.0,9,10,empatica,656.28
1471117025.0,9,10,empatica,734.409
1471168949.0,9,10,empatica,625.029
1471173934.0,9,10,empatica,625.029
1471174574.0,9,10,empatica,640.654
1471175184.0,9,10,empatica,609.403
1471175777.0,9,10,empatica,593.777
1471176356.0,9,10,empatica,578.151
1471177059.0,9,10,empatica,703.157
1471177574.0,9,10,empatica,515.649
1471178231.0,9,10,empatica,656.28
1471178949.0,9,10,empatica,718.783
1471179590.0,9,10,empatica,640.654
1471180324.0,9,10,empatica,734.409
1471180981.0,9,10,empatica,656.28
1471181684.0,9,10,empatica,703.157
1471182371.0,9,10,empatica,687.531
1471183106.0,9,10,empatica,734.409
1471183778.0,9,10,empatica,671.906
1471184481.0,9,10,empatica,703.157
1471185153.0,9,10,empatica,671.906
1471185793.0,9,10,empatica,640.654
1471186450.0,9,10,empatica,656.28
1471190997.0,9,10,empatica,718.783
1471191653.0,9,10,empatica,656.28
1471192434.0,9,10,empatica,781.286
1471193153.0,9,10,empatica,718.783
1471193872.0,9,10,empatica,718.783
1471194481.0,9,10,empatica,609.403
1471195169.0,9,10,empatica,687.531
1471195794.0,9,10,empatica,625.029
1471196403.0,9,10,empatica,609.403
1471197169.0,9,10,empatica,765.66
1471200263.0,9,10,empatica,734.409
1471200825.0,9,10,empatica,562.526
1471201497.0,9,10,empatica,671.906
1471207388.0,9,10,empatica,609.403
1471208029.0,9,10,empatica,640.654
1471208701.0,9,10,empatica,671.906
1471209388.0,9,10,empatica,687.531
1471209966.0,9,10,empatica,578.151
1471210560.0,9,10,empatica,593.777
1471211263.0,9,10,empatica,703.157
1471211779.0,9,10,empatica,515.649
1471212404.0,9,10,empatica,625.029
1471213029.0,9,10,empatica,625.029
1471213748.0,9,10,empatica,718.783
1471214357.0,9,10,empatica,609.403
1471214998.0,9,10,empatica,640.654
1471215670.0,9,10,empatica,671.906
1471216326.0,9,10,empatica,656.28
1471216998.0,9,10,empatica,671.906
1471217654.0,9,10,empatica,656.28
1471218279.0,9,10,empatica,625.029
1471218857.0,9,10,empatica,578.151
1471219436.0,9,10,empatica,578.151
1471230124.0,9,10,empatica,515.649
1471235921.0,9,10,empatica,625.029
1471236608.0,9,10,empatica,687.531
1471237311.0,9,10,empatica,703.157
1471237936.0,9,10,empatica,625.029
1471238687.0,9,10,empatica,750.034
1471239468.0,9,10,empatica,781.286
1471240093.0,9,10,empatica,625.029
1471273985.0,9,10,empatica,656.28
1471274657.0,9,10,empatica,671.906
1471275282.0,9,10,empatica,625.029
1471275907.0,9,10,empatica,625.029
1471276595.0,9,10,empatica,687.531
1471277282.0,9,10,empatica,687.531
1471277985.0,9,10,empatica,703.157
1471278751.0,9,10,empatica,765.66
1471279485.0,9,10,empatica,734.409
1471280095.0,9,10,empatica,609.403
1471280798.0,9,10,empatica,703.157
1471281407.0,9,10,empatica,609.403
1471282001.0,9,10,empatica,593.777
1471282626.0,9,10,empatica,625.029
1471303971.0,9,10,empatica,703.157
1471304502.0,9,10,empatica,531.274
1471320440.0,9,10,empatica,593.777
1471321003.0,9,10,empatica,562.526
1471321643.0,9,10,empatica,640.654
1471322206.0,9,10,empatica,562.526
1471322831.0,9,10,empatica,625.029
1471323409.0,9,10,empatica,578.151
1471324050.0,9,10,empatica,640.654
1471324659.0,9,10,empatica,609.403
1471325284.0,9,10,empatica,625.029
1471325941.0,9,10,empatica,656.28
1471326550.0,9,10,empatica,609.403
1471327175.0,9,10,empatica,625.029
1471327800.0,9,10,empatica,625.029
1471328378.0,9,10,empatica,578.151
1471343410.0,9,10,empatica,625.029
1471343973.0,9,10,empatica,562.526
1471344566.0,9,10,empatica,593.777
1471345113.0,9,10,empatica,546.9
1471345691.0,9,10,empatica,578.151
1471346301.0,9,10,empatica,609.403
1471355129.0,9,10,empatica,656.28
1471355770.0,9,10,empatica,640.654
1471356411.0,9,10,empatica,640.654
1471357036.0,9,10,empatica,625.029
1471357661.0,9,10,empatica,625.029
1471358317.0,9,10,empatica,656.28
1471359036.0,9,10,empatica,718.783
1471359801.0,9,10,empatica,765.66
1471360536.0,9,10,empatica,734.409
1471361348.0,9,10,empatica,812.537
1471362114.0,9,10,empatica,765.66
1471362864.0,9,10,empatica,750.034
1471363630.0,9,10,empatica,765.66
1471364317.0,9,10,empatica,687.531
1471364989.0,9,10,empatica,671.906
1471365599.0,9,10,empatica,609.403
1471366239.0,9,10,empatica,640.654
1471376396.0,9,10,empatica,593.777
1471377162.0,9,10,empatica,765.66
1471377740.0,9,10,empatica,578.151
1471386178.0,9,10,empatica,734.409
1471386912.0,9,10,empatica,734.409
1471387646.0,9,10,empatica,734.409
1471393740.0,9,10,empatica,656.28
1471394444.0,9,10,empatica,703.157
1471395131.0,9,10,empatica,687.531
1471395866.0,9,10,empatica,734.409
1471396647.0,9,10,empatica,781.286
1471397522.0,9,10,empatica,875.04
1471405366.0,9,10,empatica,750.034
1471406116.0,9,10,empatica,750.034
1471406944.0,9,10,empatica,828.163
1471407694.0,9,10,empatica,750.034
1471408522.0,9,10,empatica,828.163
1471409351.0,9,10,empatica,828.163
1471410101.0,9,10,empatica,750.034
1471421695.0,9,10,empatica,656.28
1471422351.0,9,10,empatica,656.28
1471427992.0,9,10,empatica,796.911
1471428836.0,9,10,empatica,843.789
1471429695.0,9,10,empatica,859.414
1471430477.0,9,10,empatica,781.286
1471431195.0,9,10,empatica,718.783
1471431836.0,9,10,empatica,640.654
1471432555.0,9,10,empatica,718.783
1471433227.0,9,10,empatica,671.906
1471433867.0,9,10,empatica,640.654
1471434586.0,9,10,empatica,718.783
1471435414.0,9,10,empatica,828.163
1471436164.0,9,10,empatica,750.034
1471436899.0,9,10,empatica,734.409
1471437555.0,9,10,empatica,656.28
1471438305.0,9,10,empatica,750.034
1471439055.0,9,10,empatica,750.034
1471439743.0,9,10,empatica,687.531
1471440508.0,9,10,empatica,765.66
1471441274.0,9,10,empatica,765.66
1471441977.0,9,10,empatica,703.157
1471442696.0,9,10,empatica,718.783
1471443258.0,9,10,empatica,562.526
1471456759.0,9,10,empatica,812.537
1471457415.0,9,10,empatica,656.28
1471467650.0,9,10,empatica,671.906
1471468369.0,9,10,empatica,718.783
1471469103.0,9,10,empatica,734.409
1471469806.0,9,10,empatica,703.157
1471470478.0,9,10,empatica,671.906
1471471322.0,9,10,empatica,843.789
1471480573.0,9,10,empatica,750.034
1471481291.0,9,10,empatica,718.783
1471482026.0,9,10,empatica,734.409
1471482666.0,9,10,empatica,640.654
1471487839.0,9,10,empatica,796.911
1471488604.0,9,10,empatica,765.66
1471489401.0,9,10,empatica,796.911
1471490261.0,9,10,empatica,859.414
1471491120.0,9,10,empatica,859.414
1471491979.0,9,10,empatica,859.414
1471492808.0,9,10,empatica,828.163
1471493542.0,9,10,empatica,734.409
1471494354.0,9,10,empatica,812.537
1471507964.0,9,10,empatica,671.906
1471508730.0,9,10,empatica,765.66
1471509496.0,9,10,empatica,765.66
1471510152.0,9,10,empatica,656.28
1471510761.0,9,10,empatica,609.403
1471511449.0,9,10,empatica,687.531
1471512027.0,9,10,empatica,578.151
1471512699.0,9,10,empatica,671.906
1471513355.0,9,10,empatica,656.28
1471513996.0,9,10,empatica,640.654
1471514699.0,9,10,empatica,703.157
1471515434.0,9,10,empatica,734.409
1471516168.0,9,10,empatica,734.409
1471516856.0,9,10,empatica,687.531
1471517574.0,9,10,empatica,718.783
1471518246.0,9,10,empatica,671.906
1471519012.0,9,10,empatica,765.66
1471519653.0,9,10,empatica,640.654
1471520387.0,9,10,empatica,734.409
1471521153.0,9,10,empatica,765.66
1471525262.0,9,10,empatica,625.029
1471526059.0,9,10,empatica,796.911
1471526668.0,9,10,empatica,609.403
1471535966.0,9,10,empatica,734.409
1471536778.0,9,10,empatica,812.537
1471540107.0,9,10,empatica,687.531
1471544841.0,9,10,empatica,875.04
1471545638.0,9,10,empatica,796.911
1471546357.0,9,10,empatica,718.783
1471547060.0,9,10,empatica,703.157
1471547748.0,9,10,empatica,687.531
1471548388.0,9,10,empatica,640.654
1471548998.0,9,10,empatica,609.403
1471552732.0,9,10,empatica,687.531
1471553576.0,9,10,empatica,843.789
1471554357.0,9,10,empatica,781.286
1471555076.0,9,10,empatica,718.783
1471555779.0,9,10,empatica,703.157
1471556482.0,9,10,empatica,703.157
1471557185.0,9,10,empatica,703.157
1471557951.0,9,10,empatica,765.66
1471558686.0,9,10,empatica,734.409
1471559342.0,9,10,empatica,656.28
1471560139.0,9,10,empatica,796.911
1471560920.0,9,10,empatica,781.286
1471561639.0,9,10,empatica,718.783
1471562264.0,9,10,empatica,625.029
1471562998.0,9,10,empatica,734.409
1471563623.0,9,10,empatica,625.029
1471564342.0,9,10,empatica,718.783
1471564998.0,9,10,empatica,656.28
1471620704.0,9,10,empatica,750.034
1471621298.0,9,10,empatica,593.777
1471621923.0,9,10,empatica,625.029
1471622595.0,9,10,empatica,671.906
1471623235.0,9,10,empatica,640.654
1471623860.0,9,10,empatica,625.029
1471624485.0,9,10,empatica,625.029
1471625110.0,9,10,empatica,625.029
1471625814.0,9,10,empatica,703.157
1471626548.0,9,10,empatica,734.409
1471627267.0,9,10,empatica,718.783
1471627939.0,9,10,empatica,671.906
1471628564.0,9,10,empatica,625.029
1471633861.0,9,10,empatica,750.034
1471634502.0,9,10,empatica,640.654
1471635173.0,9,10,empatica,671.906
1471635970.0,9,10,empatica,796.911
1471636673.0,9,10,empatica,703.157
1471637439.0,9,10,empatica,765.66
1471638236.0,9,10,empatica,796.911
1471638939.0,9,10,empatica,703.157
1471639580.0,9,10,empatica,640.654
1471640267.0,9,10,empatica,687.531
1471640971.0,9,10,empatica,703.157
1471641642.0,9,10,empatica,671.906
1471642330.0,9,10,empatica,687.531
1471663487.0,9,10,empatica,843.789
1471664222.0,9,10,empatica,734.409
1471664972.0,9,10,empatica,750.034
1471665706.0,9,10,empatica,734.409
1471666487.0,9,10,empatica,781.286
1471667300.0,9,10,empatica,812.537
1471668097.0,9,10,empatica,796.911
1471668894.0,9,10,empatica,796.911
1471669738.0,9,10,empatica,843.789
1471670581.0,9,10,empatica,843.789
1471671441.0,9,10,empatica,859.414
1471672238.0,9,10,empatica,796.911
1471673003.0,9,10,empatica,765.66
1471673753.0,9,10,empatica,750.034
1471674550.0,9,10,empatica,796.911
1471675394.0,9,10,empatica,843.789
1471676253.0,9,10,empatica,859.414
1471677113.0,9,10,empatica,859.414
1471677988.0,9,10,empatica,875.04
1471678847.0,9,10,empatica,859.414
1471679660.0,9,10,empatica,812.537
1471680457.0,9,10,empatica,796.911
1471681176.0,9,10,empatica,718.783
1471681894.0,9,10,empatica,718.783
1471682597.0,9,10,empatica,703.157
1471683301.0,9,10,empatica,703.157
1471684066.0,9,10,empatica,765.66
1471684910.0,9,10,empatica,843.789
1471685723.0,9,10,empatica,812.537
1471686582.0,9,10,empatica,859.414
1471687395.0,9,10,empatica,812.537
1471688191.0,9,10,empatica,796.911
1471688926.0,9,10,empatica,734.409
1471689676.0,9,10,empatica,750.034
1471690332.0,9,10,empatica,656.28
1471691051.0,9,10,empatica,718.783
1471691770.0,9,10,empatica,718.783
1471696973.0,9,10,empatica,812.537
1471697692.0,9,10,empatica,718.783
1471698411.0,9,10,empatica,718.783
1471699129.0,9,10,empatica,718.783
1471699848.0,9,10,empatica,718.783
1471700505.0,9,10,empatica,656.28
1471701286.0,9,10,empatica,781.286
1471702067.0,9,10,empatica,781.286
1471702942.0,9,10,empatica,875.04
1471703817.0,9,10,empatica,875.04
1471704755.0,9,10,empatica,937.543
1471705614.0,9,10,empatica,859.414
1471706505.0,9,10,empatica,890.666
1471714115.0,9,10,empatica,812.537
1471714818.0,9,10,empatica,703.157
1471715583.0,9,10,empatica,765.66
1471716193.0,9,10,empatica,609.403
1471716974.0,9,10,empatica,781.286
1471717677.0,9,10,empatica,703.157
1471724146.0,9,10,empatica,843.789
1471724787.0,9,10,empatica,640.654
1471725568.0,9,10,empatica,781.286
1471726240.0,9,10,empatica,671.906
1471726990.0,9,10,empatica,750.034
1471727756.0,9,10,empatica,765.66
1471728428.0,9,10,empatica,671.906
1471729115.0,9,10,empatica,687.531
1471729818.0,9,10,empatica,703.157
1471730490.0,9,10,empatica,671.906
1471731334.0,9,10,empatica,843.789
1471732162.0,9,10,empatica,828.163
1471732975.0,9,10,empatica,812.537
1471733772.0,9,10,empatica,796.911
1471734397.0,9,10,empatica,625.029
1471735084.0,9,10,empatica,687.531
1471735741.0,9,10,empatica,656.28
1471736397.0,9,10,empatica,656.28
1471736975.0,9,10,empatica,578.151
1471737631.0,9,10,empatica,656.28
1471746585.0,9,10,empatica,734.409
1471747241.0,9,10,empatica,656.28
1471747944.0,9,10,empatica,703.157
1471748741.0,9,10,empatica,796.911
1471749522.0,9,10,empatica,781.286
1471750304.0,9,10,empatica,781.286
1471751288.0,9,10,empatica,984.42
1471752069.0,9,10,empatica,781.286
1471752960.0,9,10,empatica,890.666
1471759038.0,9,10,empatica,718.783
1471759882.0,9,10,empatica,843.789
1471760570.0,9,10,empatica,687.531
1471761382.0,9,10,empatica,812.537
1471762164.0,9,10,empatica,781.286
1471762929.0,9,10,empatica,765.66
1471763664.0,9,10,empatica,734.409
1471764367.0,9,10,empatica,703.157
1471765148.0,9,10,empatica,781.286
1471765851.0,9,10,empatica,703.157
1471766586.0,9,10,empatica,734.409
1471767226.0,9,10,empatica,640.654
1471767945.0,9,10,empatica,718.783
1471768711.0,9,10,empatica,765.66
1471769461.0,9,10,empatica,750.034
1471770133.0,9,10,empatica,671.906
1471770852.0,9,10,empatica,718.783
1471771508.0,9,10,empatica,656.28
1471772258.0,9,10,empatica,750.034
1471772836.0,9,10,empatica,578.151
1471773508.0,9,10,empatica,671.906
1471774133.0,9,10,empatica,625.029
1471774836.0,9,10,empatica,703.157
1471775508.0,9,10,empatica,671.906
1471776164.0,9,10,empatica,656.28
1471776883.0,9,10,empatica,718.783
1471777586.0,9,10,empatica,703.157
1471778305.0,9,10,empatica,718.783
1471778993.0,9,10,empatica,687.531
1471779743.0,9,10,empatica,750.034
1471780461.0,9,10,empatica,718.783
1471781133.0,9,10,empatica,671.906
1471781821.0,9,10,empatica,687.531
1471782524.0,9,10,empatica,703.157
1471783227.0,9,10,empatica,703.157
1471783915.0,9,10,empatica,687.531
1471784618.0,9,10,empatica,703.157
1471785321.0,9,10,empatica,703.157
1471786024.0,9,10,empatica,703.157
1471786680.0,9,10,empatica,656.28
1471787321.0,9,10,empatica,640.654
1471787993.0,9,10,empatica,671.906
1471788790.0,9,10,empatica,796.911
1471791993.0,9,10,empatica,687.531
1471792665.0,9,10,empatica,671.906
1471793337.0,9,10,empatica,671.906
1471793915.0,9,10,empatica,578.151
1471794618.0,9,10,empatica,703.157
1471795165.0,9,10,empatica,546.9
1471795775.0,9,10,empatica,609.403
1471796400.0,9,10,empatica,625.029
1471797025.0,9,10,empatica,625.029
1471797650.0,9,10,empatica,625.029
1471798275.0,9,10,empatica,625.029
1471798962.0,9,10,empatica,687.531
1471799618.0,9,10,empatica,656.28
1471800290.0,9,10,empatica,671.906
1471800994.0,9,10,empatica,703.157
1471801697.0,9,10,empatica,703.157
1471802415.0,9,10,empatica,718.783
1471803056.0,9,10,empatica,640.654
1471803697.0,9,10,empatica,640.654
1471804337.0,9,10,empatica,640.654
1471804978.0,9,10,empatica,640.654
1471805572.0,9,10,empatica,593.777
1471806150.0,9,10,empatica,578.151
1471806728.0,9,10,empatica,578.151
1471807353.0,9,10,empatica,625.029
1471807978.0,9,10,empatica,625.029
1471817338.0,9,10,empatica,593.777
1471818026.0,9,10,empatica,687.531
1471818651.0,9,10,empatica,625.029
1471819276.0,9,10,empatica,625.029
1471819901.0,9,10,empatica,625.029
1471824526.0,9,10,empatica,640.654
1471825151.0,9,10,empatica,625.029
1471825807.0,9,10,empatica,656.28
1471826385.0,9,10,empatica,578.151
1471827026.0,9,10,empatica,640.654
1471827651.0,9,10,empatica,625.029
1471828276.0,9,10,empatica,625.029
1471828917.0,9,10,empatica,640.654
1471829557.0,9,10,empatica,640.654
1471830182.0,9,10,empatica,625.029
1471830886.0,9,10,empatica,703.157
1471872387.0,9,10,empatica,750.034
1471873137.0,9,10,empatica,750.034
1471873887.0,9,10,empatica,750.034
1471874669.0,9,10,empatica,781.286
1471875388.0,9,10,empatica,718.783
1471876091.0,9,10,empatica,703.157
1471876841.0,9,10,empatica,750.034
1471877513.0,9,10,empatica,671.906
1471878231.0,9,10,empatica,718.783
1471878903.0,9,10,empatica,671.906
1471879591.0,9,10,empatica,687.531
1471880294.0,9,10,empatica,703.157
1471880997.0,9,10,empatica,703.157
1471881685.0,9,10,empatica,687.531
1471882497.0,9,10,empatica,812.537
1471883263.0,9,10,empatica,765.66
1471883997.0,9,10,empatica,734.409
1471884716.0,9,10,empatica,718.783
1471885419.0,9,10,empatica,703.157
1471886076.0,9,10,empatica,656.28
1471886716.0,9,10,empatica,640.654
1471887326.0,9,10,empatica,609.403
1471887935.0,9,10,empatica,609.403
1471888560.0,9,10,empatica,625.029
1471889201.0,9,10,empatica,640.654
1471889873.0,9,10,empatica,671.906
1471890560.0,9,10,empatica,687.531
1471891295.0,9,10,empatica,734.409
1471892013.0,9,10,empatica,718.783
1471892732.0,9,10,empatica,718.783
1471893388.0,9,10,empatica,656.28
1471894060.0,9,10,empatica,671.906
1471894685.0,9,10,empatica,625.029
1471895373.0,9,10,empatica,687.531
1471896045.0,9,10,empatica,671.906
1471896717.0,9,10,empatica,671.906
1471897389.0,9,10,empatica,671.906
1471898045.0,9,10,empatica,656.28
1471898685.0,9,10,empatica,640.654
1471899311.0,9,10,empatica,625.029
1471899982.0,9,10,empatica,671.906
1471900623.0,9,10,empatica,640.654
1471901311.0,9,10,empatica,687.531
1471901998.0,9,10,empatica,687.531
1471902623.0,9,10,empatica,625.029
1471903295.0,9,10,empatica,671.906
1471903951.0,9,10,empatica,656.28
1471904608.0,9,10,empatica,656.28
1471905233.0,9,10,empatica,625.029
1471906045.0,9,10,empatica,812.537
1471906655.0,9,10,empatica,609.403
1471907327.0,9,10,empatica,671.906
1471907998.0,9,10,empatica,671.906
1471908764.0,9,10,empatica,765.66
1471909436.0,9,10,empatica,671.906
1471910139.0,9,10,empatica,703.157
1471910936.0,9,10,empatica,796.911
1471911702.0,9,10,empatica,765.66
1471912327.0,9,10,empatica,625.029
1471913077.0,9,10,empatica,750.034
1471913764.0,9,10,empatica,687.531
1471914421.0,9,10,empatica,656.28
1471915046.0,9,10,empatica,625.029
1471915749.0,9,10,empatica,703.157
1471916405.0,9,10,empatica,656.28
1471917077.0,9,10,empatica,671.906
1471917686.0,9,10,empatica,609.403
1471918390.0,9,10,empatica,703.157
1471919155.0,9,10,empatica,765.66
1471919827.0,9,10,empatica,671.906
1471920530.0,9,10,empatica,703.157
1471921265.0,9,10,empatica,734.409
1471922046.0,9,10,empatica,781.286
1471922796.0,9,10,empatica,750.034
1471923546.0,9,10,empatica,750.034
1471924327.0,9,10,empatica,781.286
1471925109.0,9,10,empatica,781.286
1471925780.0,9,10,empatica,671.906
1471926499.0,9,10,empatica,718.783
1471927265.0,9,10,empatica,765.66
1471927968.0,9,10,empatica,703.157
1471928624.0,9,10,empatica,656.28
1471929343.0,9,10,empatica,718.783
1471929999.0,9,10,empatica,656.28
1471930671.0,9,10,empatica,671.906
1471931374.0,9,10,empatica,703.157
1471932015.0,9,10,empatica,640.654
1471932718.0,9,10,empatica,703.157
1471933515.0,9,10,empatica,796.911
1471934218.0,9,10,empatica,703.157
1471934984.0,9,10,empatica,765.66
1471935703.0,9,10,empatica,718.783
1471936468.0,9,10,empatica,765.66
1471937203.0,9,10,empatica,734.409
1471937859.0,9,10,empatica,656.28
1471938547.0,9,10,empatica,687.531
1471939250.0,9,10,empatica,703.157
1471939906.0,9,10,empatica,656.28
1471940516.0,9,10,empatica,609.403
1471941187.0,9,10,empatica,671.906
1471941844.0,9,10,empatica,656.28
1471942500.0,9,10,empatica,656.28
1471943172.0,9,10,empatica,671.906
1471943891.0,9,10,empatica,718.783
1471944594.0,9,10,empatica,703.157
1471945234.0,9,10,empatica,640.654
1471945969.0,9,10,empatica,734.409
1471946610.0,9,10,empatica,640.654
1471947297.0,9,10,empatica,687.531
1471947985.0,9,10,empatica,687.531
1471948672.0,9,10,empatica,687.531
1471949344.0,9,10,empatica,671.906
1471949985.0,9,10,empatica,640.654
1471950750.0,9,10,empatica,765.66
1471951391.0,9,10,empatica,640.654
1471959782.0,9,10,empatica,671.906
1471960438.0,9,10,empatica,656.28
1471961126.0,9,10,empatica,687.531
1471961845.0,9,10,empatica,718.783
1471962532.0,9,10,empatica,687.531
1471963251.0,9,10,empatica,718.783
1471964001.0,9,10,empatica,750.034
1471964704.0,9,10,empatica,703.157
1471965407.0,9,10,empatica,703.157
1471966110.0,9,10,empatica,703.157
1471966798.0,9,10,empatica,687.531
1471967470.0,9,10,empatica,671.906
1471968173.0,9,10,empatica,703.157
1471968845.0,9,10,empatica,671.906
1471969532.0,9,10,empatica,687.531
1471970251.0,9,10,empatica,718.783
1471970986.0,9,10,empatica,734.409
1471971704.0,9,10,empatica,718.783
1471972345.0,9,10,empatica,640.654
1471973001.0,9,10,empatica,656.28
1471973658.0,9,10,empatica,656.28
1471974345.0,9,10,empatica,687.531
1471974986.0,9,10,empatica,640.654
1471975642.0,9,10,empatica,656.28
1471976298.0,9,10,empatica,656.28
1471976970.0,9,10,empatica,671.906
1471977642.0,9,10,empatica,671.906
1471978345.0,9,10,empatica,703.157
1471979049.0,9,10,empatica,703.157
1471979767.0,9,10,empatica,718.783
1471980533.0,9,10,empatica,765.66
1471981236.0,9,10,empatica,703.157
1471981908.0,9,10,empatica,671.906
1471982627.0,9,10,empatica,718.783
1471983377.0,9,10,empatica,750.034
1471984064.0,9,10,empatica,687.531
1471984689.0,9,10,empatica,625.029
1471985346.0,9,10,empatica,656.28
1471985986.0,9,10,empatica,640.654
1471986658.0,9,10,empatica,671.906
1471987377.0,9,10,empatica,718.783
1471988080.0,9,10,empatica,703.157
1471988830.0,9,10,empatica,750.034
1471989455.0,9,10,empatica,625.029
1471990283.0,9,10,empatica,828.163
1471990987.0,9,10,empatica,703.157
1471991674.0,9,10,empatica,687.531
1471992409.0,9,10,empatica,734.409
1471993034.0,9,10,empatica,625.029
1471993768.0,9,10,empatica,734.409
1471994362.0,9,10,empatica,593.777
1471995018.0,9,10,empatica,656.28
1471995674.0,9,10,empatica,656.28
1471996346.0,9,10,empatica,671.906
1471997049.0,9,10,empatica,703.157
1471997706.0,9,10,empatica,656.28
1471998409.0,9,10,empatica,703.157
1471999081.0,9,10,empatica,671.906
1471999784.0,9,10,empatica,703.157
1472000503.0,9,10,empatica,718.783
1472001159.0,9,10,empatica,656.28
1472001800.0,9,10,empatica,640.654
1472002471.0,9,10,empatica,671.906
1472003128.0,9,10,empatica,656.28
1472003862.0,9,10,empatica,734.409
1472004550.0,9,10,empatica,687.531
1472005190.0,9,10,empatica,640.654
1472005862.0,9,10,empatica,671.906
1472006581.0,9,10,empatica,718.783
1472007237.0,9,10,empatica,656.28
1472007956.0,9,10,empatica,718.783
1472008675.0,9,10,empatica,718.783
1472009394.0,9,10,empatica,718.783
1472010097.0,9,10,empatica,703.157
1472010800.0,9,10,empatica,703.157
1472011519.0,9,10,empatica,718.783
1472012238.0,9,10,empatica,718.783
1472012925.0,9,10,empatica,687.531
1472013613.0,9,10,empatica,687.531
1472014331.0,9,10,empatica,718.783
1472014972.0,9,10,empatica,640.654
1472015660.0,9,10,empatica,687.531
1472016331.0,9,10,empatica,671.906
1472017003.0,9,10,empatica,671.906
1472017660.0,9,10,empatica,656.28
1472018316.0,9,10,empatica,656.28
1472018957.0,9,10,empatica,640.654
1472019707.0,9,10,empatica,750.034
1472020425.0,9,10,empatica,718.783
1472021066.0,9,10,empatica,640.654
1472021769.0,9,10,empatica,703.157
1472022457.0,9,10,empatica,687.531
1472023113.0,9,10,empatica,656.28
1472023801.0,9,10,empatica,687.531
1472024488.0,9,10,empatica,687.531
1472025176.0,9,10,empatica,687.531
1472025801.0,9,10,empatica,625.029
1472026488.0,9,10,empatica,687.531
1472027113.0,9,10,empatica,625.029
1472027816.0,9,10,empatica,703.157
1472028441.0,9,10,empatica,625.029
1472029113.0,9,10,empatica,671.906
1472029785.0,9,10,empatica,671.906
1472030426.0,9,10,empatica,640.654
1472039379.0,9,10,empatica,703.157
1472040083.0,9,10,empatica,703.157
1472040801.0,9,10,empatica,718.783
1472041567.0,9,10,empatica,765.66
1472042380.0,9,10,empatica,812.537
1472043208.0,9,10,empatica,828.163
1472044005.0,9,10,empatica,796.911
1472044786.0,9,10,empatica,781.286
1472045489.0,9,10,empatica,703.157
1472046161.0,9,10,empatica,671.906
1472046817.0,9,10,empatica,656.28
1472047489.0,9,10,empatica,671.906
1472048208.0,9,10,empatica,718.783
1472048911.0,9,10,empatica,703.157
1472049614.0,9,10,empatica,703.157
1472050349.0,9,10,empatica,734.409
1472051177.0,9,10,empatica,828.163
1472051864.0,9,10,empatica,687.531
1472052614.0,9,10,empatica,750.034
1472053333.0,9,10,empatica,718.783
1472054083.0,9,10,empatica,750.034
1472054849.0,9,10,empatica,765.66
1472055615.0,9,10,empatica,765.66
1472056380.0,9,10,empatica,765.66
1472057208.0,9,10,empatica,828.163
1472057974.0,9,10,empatica,765.66
1472058755.0,9,10,empatica,781.286
1472059458.0,9,10,empatica,703.157
1472060208.0,9,10,empatica,750.034
1472060959.0,9,10,empatica,750.034
1472061740.0,9,10,empatica,781.286
1472062568.0,9,10,empatica,828.163
1472063240.0,9,10,empatica,671.906
1472063990.0,9,10,empatica,750.034
1472064677.0,9,10,empatica,687.531
1472065396.0,9,10,empatica,718.783
1472066068.0,9,10,empatica,671.906
1472066740.0,9,10,empatica,671.906
1472067428.0,9,10,empatica,687.531
1472068162.0,9,10,empatica,734.409
1472068865.0,9,10,empatica,703.157
1472069568.0,9,10,empatica,703.157
1472070256.0,9,10,empatica,687.531
1472070959.0,9,10,empatica,703.157
1472071662.0,9,10,empatica,703.157
1472072397.0,9,10,empatica,734.409
1472073053.0,9,10,empatica,656.28
1472073725.0,9,10,empatica,671.906
1472074412.0,9,10,empatica,687.531
1472075115.0,9,10,empatica,703.157
1472075772.0,9,10,empatica,656.28
1472076490.0,9,10,empatica,718.783
1472077194.0,9,10,empatica,703.157
1472077912.0,9,10,empatica,718.783
1472078506.0,9,10,empatica,593.777
1472079194.0,9,10,empatica,687.531
1472079850.0,9,10,empatica,656.28
1472080538.0,9,10,empatica,687.531
1472081319.0,9,10,empatica,781.286
1472082053.0,9,10,empatica,734.409
1472082741.0,9,10,empatica,687.531
1472083397.0,9,10,empatica,656.28
1472084147.0,9,10,empatica,750.034
1472099038.0,9,10,empatica,656.28
1472099663.0,9,10,empatica,625.029
1472100273.0,9,10,empatica,609.403
1472100882.0,9,10,empatica,609.403
1472101523.0,9,10,empatica,640.654
1472102226.0,9,10,empatica,703.157
1472102804.0,9,10,empatica,578.151
1472115883.0,9,10,empatica,593.777
1472176433.0,9,10,empatica,906.291
1472177198.0,9,10,empatica,765.66
1472178042.0,9,10,empatica,843.789
1472182933.0,9,10,empatica,828.163
1472183824.0,9,10,empatica,890.666
1472184605.0,9,10,empatica,781.286
1472196418.0,9,10,empatica,750.034
1472215997.0,9,10,empatica,953.169
1472233998.0,9,10,empatica,921.917
1472235107.0,9,10,empatica,1109.426
1472261358.0,9,10,empatica,843.789
1472262093.0,9,10,empatica,734.409
1472267140.0,9,10,empatica,890.666
1472268109.0,9,10,empatica,968.794
1472268921.0,9,10,empatica,812.537
1472269796.0,9,10,empatica,875.04
1472292282.0,9,10,empatica,1015.671
1472296266.0,9,10,empatica,937.543
1472297141.0,9,10,empatica,875.04
1472303126.0,9,10,empatica,921.917
1472303829.0,9,10,empatica,703.157
1472304688.0,9,10,empatica,859.414
1472305642.0,9,10,empatica,953.169
1472306329.0,9,10,empatica,687.531
1472307189.0,9,10,empatica,859.414
1472308079.0,9,10,empatica,890.666
1472308907.0,9,10,empatica,828.163
1472309673.0,9,10,empatica,765.66
1472310439.0,9,10,empatica,765.66
1472311345.0,9,10,empatica,906.291
1472312204.0,9,10,empatica,859.414
1472319002.0,9,10,empatica,968.794
1472319736.0,9,10,empatica,734.409
1472320502.0,9,10,empatica,765.66
1472321252.0,9,10,empatica,750.034
1472322080.0,9,10,empatica,828.163
1472322939.0,9,10,empatica,859.414
1472323814.0,9,10,empatica,875.04
1472324627.0,9,10,empatica,812.537
1472325424.0,9,10,empatica,796.911
1472326236.0,9,10,empatica,812.537
1472327096.0,9,10,empatica,859.414
1472327955.0,9,10,empatica,859.414
1472328924.0,9,10,empatica,968.794
1472329658.0,9,10,empatica,734.409
1472330455.0,9,10,empatica,796.911
1472331237.0,9,10,empatica,781.286
1472332112.0,9,10,empatica,875.04
1472332955.0,9,10,empatica,843.789
1472333815.0,9,10,empatica,859.414
1472334690.0,9,10,empatica,875.04
1472335580.0,9,10,empatica,890.666
1472336502.0,9,10,empatica,921.917
1472337252.0,9,10,empatica,750.034
1472338096.0,9,10,empatica,843.789
1472339003.0,9,10,empatica,906.291
1472339846.0,9,10,empatica,843.789
1472340721.0,9,10,empatica,875.04
1472341581.0,9,10,empatica,859.414
1472342393.0,9,10,empatica,812.537
1472343253.0,9,10,empatica,859.414
1472344143.0,9,10,empatica,890.666
1472345065.0,9,10,empatica,921.917
1472346003.0,9,10,empatica,937.543
1472346815.0,9,10,empatica,812.537
1472347722.0,9,10,empatica,906.291
1472348644.0,9,10,empatica,921.917
1472349503.0,9,10,empatica,859.414
1472350378.0,9,10,empatica,875.04
1472351284.0,9,10,empatica,906.291
1472352206.0,9,10,empatica,921.917
1472353144.0,9,10,empatica,937.543
1472354050.0,9,10,empatica,906.291
1472354894.0,9,10,empatica,843.789
1472355785.0,9,10,empatica,890.666
1472356691.0,9,10,empatica,906.291
1472357628.0,9,10,empatica,937.543
1472358535.0,9,10,empatica,906.291
1472359457.0,9,10,empatica,921.917
1472360363.0,9,10,empatica,906.291
1472361175.0,9,10,empatica,812.537
1472361988.0,9,10,empatica,812.537
1472362863.0,9,10,empatica,875.04
1472363722.0,9,10,empatica,859.414
1472364582.0,9,10,empatica,859.414
1472365457.0,9,10,empatica,875.04
1472366379.0,9,10,empatica,921.917
1472367113.0,9,10,empatica,734.409
1472367863.0,9,10,empatica,750.034
1472368629.0,9,10,empatica,765.66
1472369504.0,9,10,empatica,875.04
1472370379.0,9,10,empatica,875.04
1472371160.0,9,10,empatica,781.286
1472371926.0,9,10,empatica,765.66
1472372817.0,9,10,empatica,890.666
1472373707.0,9,10,empatica,890.666
1472374645.0,9,10,empatica,937.543
1472375598.0,9,10,empatica,953.169
1472376489.0,9,10,empatica,890.666
1472377379.0,9,10,empatica,890.666
1472378192.0,9,10,empatica,812.537
1472378957.0,9,10,empatica,765.66
1472379739.0,9,10,empatica,781.286
1472380583.0,9,10,empatica,843.789
1472381473.0,9,10,empatica,890.666
1472382442.0,9,10,empatica,968.794
1472383380.0,9,10,empatica,937.543
1472388630.0,9,10,empatica,859.414
1472389489.0,9,10,empatica,859.414
1472390395.0,9,10,empatica,906.291
1472391271.0,9,10,empatica,875.04
1472392114.0,9,10,empatica,843.789
1472393005.0,9,10,empatica,890.666
1472393911.0,9,10,empatica,906.291
1472394833.0,9,10,empatica,921.917
1472395724.0,9,10,empatica,890.666
1472396630.0,9,10,empatica,906.291
1472397536.0,9,10,empatica,906.291
1472398396.0,9,10,empatica,859.414
1472399287.0,9,10,empatica,890.666
1472400162.0,9,10,empatica,875.04
1472400958.0,9,10,empatica,796.911
1472401834.0,9,10,empatica,875.04
1472402709.0,9,10,empatica,875.04
1472403646.0,9,10,empatica,937.543
1472404584.0,9,10,empatica,937.543
1472405662.0,9,10,empatica,1078.174
1472406443.0,9,10,empatica,781.286
1472407209.0,9,10,empatica,765.66
1472408037.0,9,10,empatica,828.163
1472408849.0,9,10,empatica,812.537
1472409678.0,9,10,empatica,828.163
1472410584.0,9,10,empatica,906.291
1472411475.0,9,10,empatica,890.666
1472412412.0,9,10,empatica,937.543
1472413303.0,9,10,empatica,890.666
1472414147.0,9,10,empatica,843.789
1472414943.0,9,10,empatica,796.911
1472415772.0,9,10,empatica,828.163
1472416694.0,9,10,empatica,921.917
1472417600.0,9,10,empatica,906.291
1472418537.0,9,10,empatica,937.543
1472419366.0,9,10,empatica,828.163
1472420209.0,9,10,empatica,843.789
1472421100.0,9,10,empatica,890.666
1472421959.0,9,10,empatica,859.414
1472422819.0,9,10,empatica,859.414
1472423710.0,9,10,empatica,890.666
1472424631.0,9,10,empatica,921.917
1472425460.0,9,10,empatica,828.163
1472426319.0,9,10,empatica,859.414
1472427194.0,9,10,empatica,875.04
1472428085.0,9,10,empatica,890.666
1472429007.0,9,10,empatica,921.917
1472429960.0,9,10,empatica,953.169
1472430819.0,9,10,empatica,859.414
1472431647.0,9,10,empatica,828.163
1472432507.0,9,10,empatica,859.414
1472433382.0,9,10,empatica,875.04
1472434304.0,9,10,empatica,921.917
1472435194.0,9,10,empatica,890.666
1472436116.0,9,10,empatica,921.917
1472436976.0,9,10,empatica,859.414
1472437804.0,9,10,empatica,828.163
1472438648.0,9,10,empatica,843.789
1472439538.0,9,10,empatica,890.666
1472440429.0,9,10,empatica,890.666
1472441351.0,9,10,empatica,921.917
1472442320.0,9,10,empatica,968.794
1472443257.0,9,10,empatica,937.543
1472444242.0,9,10,empatica,984.42
1472445070.0,9,10,empatica,828.163
1472445914.0,9,10,empatica,843.789
1472446804.0,9,10,empatica,890.666
1472447695.0,9,10,empatica,890.666
1472448586.0,9,10,empatica,890.666
1472449523.0,9,10,empatica,937.543
1472450445.0,9,10,empatica,921.917
1472451351.0,9,10,empatica,906.291
1472452273.0,9,10,empatica,921.917
1472453211.0,9,10,empatica,937.543
1472454102.0,9,10,empatica,890.666
1472454945.0,9,10,empatica,843.789
1472455758.0,9,10,empatica,812.537
1472456602.0,9,10,empatica,843.789
1472457524.0,9,10,empatica,921.917
1472458445.0,9,10,empatica,921.917
1472459367.0,9,10,empatica,921.917
1472460274.0,9,10,empatica,906.291
1472461180.0,9,10,empatica,906.291
1472462055.0,9,10,empatica,875.04
1472462961.0,9,10,empatica,906.291
1472463883.0,9,10,empatica,921.917
1472464758.0,9,10,empatica,875.04
1472465649.0,9,10,empatica,890.666
1472466540.0,9,10,empatica,890.666
1472467446.0,9,10,empatica,906.291
1472468368.0,9,10,empatica,921.917
1472469180.0,9,10,empatica,812.537
1472470009.0,9,10,empatica,828.163
1472470790.0,9,10,empatica,781.286
1472471649.0,9,10,empatica,859.414
1472472493.0,9,10,empatica,843.789
1472473384.0,9,10,empatica,890.666
1472474243.0,9,10,empatica,859.414
1472475118.0,9,10,empatica,875.04
1472476040.0,9,10,empatica,921.917
1472476884.0,9,10,empatica,843.789
1472477665.0,9,10,empatica,781.286
1472478478.0,9,10,empatica,812.537
1472479290.0,9,10,empatica,812.537
1472480087.0,9,10,empatica,796.911
1472480900.0,9,10,empatica,812.537
1472481759.0,9,10,empatica,859.414
1472482603.0,9,10,empatica,843.789
1472483493.0,9,10,empatica,890.666
1472484431.0,9,10,empatica,937.543
1472485369.0,9,10,empatica,937.543
1472486212.0,9,10,empatica,843.789
1472487103.0,9,10,empatica,890.666
1472488041.0,9,10,empatica,937.543
1472488962.0,9,10,empatica,921.917
1472554012.0,9,10,empatica,859.414
1472554903.0,9,10,empatica,890.666
1472555716.0,9,10,empatica,812.537
1472556544.0,9,10,empatica,828.163
1472557309.0,9,10,empatica,765.66
1472558091.0,9,10,empatica,781.286
1472558888.0,9,10,empatica,796.911
1472559669.0,9,10,empatica,781.286
1472560325.0,9,10,empatica,656.28
1472561075.0,9,10,empatica,750.034
1472561731.0,9,10,empatica,656.28
1472562419.0,9,10,empatica,687.531
1472567685.0,9,10,empatica,781.286
1472568513.0,9,10,empatica,828.163
1472569263.0,9,10,empatica,750.034
1472570029.0,9,10,empatica,765.66
1472570810.0,9,10,empatica,781.286
1472571576.0,9,10,empatica,765.66
1472572232.0,9,10,empatica,656.28
1472573029.0,9,10,empatica,796.911
1472573748.0,9,10,empatica,718.783
1472574545.0,9,10,empatica,796.911
1472575373.0,9,10,empatica,828.163
1472576248.0,9,10,empatica,875.04
1472577013.0,9,10,empatica,765.66
1472577717.0,9,10,empatica,703.157
1472578420.0,9,10,empatica,703.157
1472579139.0,9,10,empatica,718.783
1472579920.0,9,10,empatica,781.286
1472580748.0,9,10,empatica,828.163
1472581654.0,9,10,empatica,906.291
1472604187.0,9,10,empatica,656.28
1472604983.0,9,10,empatica,796.911
1472605749.0,9,10,empatica,765.66
1472606577.0,9,10,empatica,828.163
1472607562.0,9,10,empatica,984.42
1472608546.0,9,10,empatica,984.42
1472609499.0,9,10,empatica,953.169
1472610515.0,9,10,empatica,1015.671
1472611421.0,9,10,empatica,906.291
1472612187.0,9,10,empatica,765.66
1472612921.0,9,10,empatica,734.409
1472613687.0,9,10,empatica,765.66
1472614562.0,9,10,empatica,875.04
1472615531.0,9,10,empatica,968.794
1472616468.0,9,10,empatica,937.543
1472617328.0,9,10,empatica,859.414
1472618062.0,9,10,empatica,734.409
1472618875.0,9,10,empatica,812.537
1472619578.0,9,10,empatica,703.157
1472620250.0,9,10,empatica,671.906
1472621015.0,9,10,empatica,765.66
1472621859.0,9,10,empatica,843.789
1472622656.0,9,10,empatica,796.911
1472623484.0,9,10,empatica,828.163
1472624297.0,9,10,empatica,812.537
1472625156.0,9,10,empatica,859.414
1472625922.0,9,10,empatica,765.66
1472626734.0,9,10,empatica,812.537
1472627469.0,9,10,empatica,734.409
1472628203.0,9,10,empatica,734.409
1472628985.0,9,10,empatica,781.286
1472629766.0,9,10,empatica,781.286
1472630594.0,9,10,empatica,828.163
1472631407.0,9,10,empatica,812.537
1472632360.0,9,10,empatica,953.169
1472633094.0,9,10,empatica,734.409
1472633938.0,9,10,empatica,843.789
1472634641.0,9,10,empatica,703.157
1472635407.0,9,10,empatica,765.66
1472636079.0,9,10,empatica,671.906
1472636813.0,9,10,empatica,734.409
1472637641.0,9,10,empatica,828.163
1472638516.0,9,10,empatica,875.04
1472639563.0,9,10,empatica,1046.923
1472640579.0,9,10,empatica,1015.671
1472641548.0,9,10,empatica,968.794
1472642516.0,9,10,empatica,968.794
1472643454.0,9,10,empatica,937.543
1472644376.0,9,10,empatica,921.917
1472645313.0,9,10,empatica,937.543
1472646251.0,9,10,empatica,937.543
1472647110.0,9,10,empatica,859.414
1472647970.0,9,10,empatica,859.414
1472648876.0,9,10,empatica,906.291
1472649798.0,9,10,empatica,921.917
1472650548.0,9,10,empatica,750.034
1472651470.0,9,10,empatica,921.917
1472652361.0,9,10,empatica,890.666
1472653220.0,9,10,empatica,859.414
1472654111.0,9,10,empatica,890.666
1472655001.0,9,10,empatica,890.666
1472655830.0,9,10,empatica,828.163
1472656564.0,9,10,empatica,734.409
1472662892.0,9,10,empatica,890.666
1472663955.0,9,10,empatica,1062.549
1472667674.0,9,10,empatica,750.034
1472668486.0,9,10,empatica,812.537
1472669236.0,9,10,empatica,750.034
1472670065.0,9,10,empatica,828.163
1472671018.0,9,10,empatica,953.169
1472671908.0,9,10,empatica,890.666
1472672752.0,9,10,empatica,843.789
1472673549.0,9,10,empatica,796.911
1472674471.0,9,10,empatica,921.917
1472675268.0,9,10,empatica,796.911
1472676112.0,9,10,empatica,843.789
1472676909.0,9,10,empatica,796.911
1472677659.0,9,10,empatica,750.034
1472678487.0,9,10,empatica,828.163
1472679393.0,9,10,empatica,906.291
1472684253.0,9,10,empatica,921.917
1472685034.0,9,10,empatica,781.286
1472685784.0,9,10,empatica,750.034
1472686565.0,9,10,empatica,781.286
1472687315.0,9,10,empatica,750.034
1472688143.0,9,10,empatica,828.163
1472688925.0,9,10,empatica,781.286
1472711270.0,9,10,empatica,890.666
1472717692.0,9,10,empatica,921.917
1472718489.0,9,10,empatica,796.911
1472723458.0,9,10,empatica,703.157
1472724426.0,9,10,empatica,968.794
1472725255.0,9,10,empatica,828.163
1472726348.0,9,10,empatica,1093.8
1472727255.0,9,10,empatica,906.291
1472728255.0,9,10,empatica,1000.046
1472729223.0,9,10,empatica,968.794
1472730005.0,9,10,empatica,781.286
1472730770.0,9,10,empatica,765.66
1472731411.0,9,10,empatica,640.654
1472732208.0,9,10,empatica,796.911
1472741427.0,9,10,empatica,765.66
1472742193.0,9,10,empatica,765.66
1472759319.0,9,10,empatica,921.917
1472760194.0,9,10,empatica,875.04
1472760912.0,9,10,empatica,718.783
1472761819.0,9,10,empatica,906.291
1472762506.0,9,10,empatica,687.531
1472763413.0,9,10,empatica,906.291
1472764116.0,9,10,empatica,703.157
1472765022.0,9,10,empatica,906.291
1472765944.0,9,10,empatica,921.917
1472766772.0,9,10,empatica,828.163
1472767647.0,9,10,empatica,875.04
1472768616.0,9,10,empatica,968.794
1472796758.0,9,10,empatica,1000.046
1472797649.0,9,10,empatica,890.666
1472798508.0,9,10,empatica,859.414
1472799399.0,9,10,empatica,890.666
1472800227.0,9,10,empatica,828.163
1472807461.0,9,10,empatica,765.66
1472808430.0,9,10,empatica,968.794
1472852745.0,9,10,empatica,796.911
1472853589.0,9,10,empatica,843.789
1472862620.0,9,10,empatica,765.66
1472863511.0,9,10,empatica,890.666
1472864261.0,9,10,empatica,750.034
1472864964.0,9,10,empatica,703.157
1472865933.0,9,10,empatica,968.794
1472870277.0,9,10,empatica,968.794
1472871089.0,9,10,empatica,812.537
1472871808.0,9,10,empatica,718.783
1472872543.0,9,10,empatica,734.409
1472873277.0,9,10,empatica,734.409
1472873996.0,9,10,empatica,718.783
1472874761.0,9,10,empatica,765.66
1472875605.0,9,10,empatica,843.789
1472876558.0,9,10,empatica,953.169
1472881621.0,9,10,empatica,828.163
1472882418.0,9,10,empatica,796.911
1472883184.0,9,10,empatica,765.66
1472884012.0,9,10,empatica,828.163
1472884965.0,9,10,empatica,953.169
1472885793.0,9,10,empatica,828.163
1472886621.0,9,10,empatica,828.163
1472887387.0,9,10,empatica,765.66
1472888168.0,9,10,empatica,781.286
1472888965.0,9,10,empatica,796.911
1472889793.0,9,10,empatica,828.163
1472890637.0,9,10,empatica,843.789
1472891418.0,9,10,empatica,781.286
1472892247.0,9,10,empatica,828.163
1472893106.0,9,10,empatica,859.414
1472893981.0,9,10,empatica,875.04
1472894840.0,9,10,empatica,859.414
1472895606.0,9,10,empatica,765.66
1472896387.0,9,10,empatica,781.286
1472897091.0,9,10,empatica,703.157
1472903810.0,9,10,empatica,875.04
1472904638.0,9,10,empatica,828.163
1472905466.0,9,10,empatica,828.163
1472906247.0,9,10,empatica,781.286
1472906997.0,9,10,empatica,750.034
1472907716.0,9,10,empatica,718.783
1472908435.0,9,10,empatica,718.783
1472909372.0,9,10,empatica,937.543
1472910263.0,9,10,empatica,890.666
1472911107.0,9,10,empatica,843.789
1472911982.0,9,10,empatica,875.04
1472912888.0,9,10,empatica,906.291
1472913716.0,9,10,empatica,828.163
1472914498.0,9,10,empatica,781.286
1472915404.0,9,10,empatica,906.291
1472916295.0,9,10,empatica,890.666
1472917185.0,9,10,empatica,890.666
1472922342.0,9,10,empatica,843.789
1472923154.0,9,10,empatica,812.537
1472923904.0,9,10,empatica,750.034
1472924717.0,9,10,empatica,812.537
1472925576.0,9,10,empatica,859.414
1472926483.0,9,10,empatica,906.291
1472927311.0,9,10,empatica,828.163
1472928139.0,9,10,empatica,828.163
1472928998.0,9,10,empatica,859.414
1472929936.0,9,10,empatica,937.543
1472930764.0,9,10,empatica,828.163
1472931655.0,9,10,empatica,890.666
1472932467.0,9,10,empatica,812.537
1472933311.0,9,10,empatica,843.789
1472934233.0,9,10,empatica,921.917
1472934999.0,9,10,empatica,765.66
1472952827.0,9,10,empatica,859.414
1472953609.0,9,10,empatica,781.286
1472982610.0,9,10,empatica,890.666
1472983501.0,9,10,empatica,890.666
1472984220.0,9,10,empatica,718.783
1472985032.0,9,10,empatica,812.537
1473030956.0,9,10,empatica,875.04
1473031831.0,9,10,empatica,875.04
1473032612.0,9,10,empatica,781.286
1473033441.0,9,10,empatica,828.163
1473034175.0,9,10,empatica,734.409
1473035003.0,9,10,empatica,828.163
1473035909.0,9,10,empatica,906.291
1473045004.0,9,10,empatica,734.409
1473045894.0,9,10,empatica,890.666
1473046785.0,9,10,empatica,890.666
1473047722.0,9,10,empatica,937.543
1473048457.0,9,10,empatica,734.409
1473049285.0,9,10,empatica,828.163
1473050082.0,9,10,empatica,796.911
1473050832.0,9,10,empatica,750.034
1473051801.0,9,10,empatica,968.794
1473052832.0,9,10,empatica,1031.297
1473065505.0,9,10,empatica,953.169
1473074474.0,9,10,empatica,750.034
1473075396.0,9,10,empatica,921.917
1473076177.0,9,10,empatica,781.286
1473076864.0,9,10,empatica,687.531
1473077693.0,9,10,empatica,828.163
1473078536.0,9,10,empatica,843.789
1473079458.0,9,10,empatica,921.917
1473080427.0,9,10,empatica,968.794
1473084630.0,9,10,empatica,906.291
1473085474.0,9,10,empatica,843.789
1473086318.0,9,10,empatica,843.789
1473086974.0,9,10,empatica,656.28
1473087709.0,9,10,empatica,734.409
1473088646.0,9,10,empatica,937.543
1473089459.0,9,10,empatica,812.537
1473090224.0,9,10,empatica,765.66
1473091115.0,9,10,empatica,890.666
1473092053.0,9,10,empatica,937.543
1473092881.0,9,10,empatica,828.163
1473093662.0,9,10,empatica,781.286
1473094537.0,9,10,empatica,875.04
1473095381.0,9,10,empatica,843.789
1473096147.0,9,10,empatica,765.66
1473097006.0,9,10,empatica,859.414
1473097740.0,9,10,empatica,734.409
1473098662.0,9,10,empatica,921.917
1473099365.0,9,10,empatica,703.157
1473100319.0,9,10,empatica,953.169
1473101053.0,9,10,empatica,734.409
1473101975.0,9,10,empatica,921.917
1473102725.0,9,10,empatica,750.034
1473103506.0,9,10,empatica,781.286
1473108569.0,9,10,empatica,859.414
1473109460.0,9,10,empatica,890.666
1473123835.0,9,10,empatica,890.666
1473124757.0,9,10,empatica,921.917
1473125648.0,9,10,empatica,890.666
1473126804.0,9,10,empatica,1156.303
1473131258.0,9,10,empatica,921.917
1473132101.0,9,10,empatica,843.789
1473133008.0,9,10,empatica,906.291
1473133820.0,9,10,empatica,812.537
1473134726.0,9,10,empatica,906.291
1473135461.0,9,10,empatica,734.409
1473136289.0,9,10,empatica,828.163
1473147805.0,9,10,empatica,1062.549
1473148821.0,9,10,empatica,1015.671
1473149602.0,9,10,empatica,781.286
1473150712.0,9,10,empatica,1109.426
1473151649.0,9,10,empatica,937.543
1473152602.0,9,10,empatica,953.169
1473166525.0,9,10,empatica,703.157
1473167353.0,9,10,empatica,828.163
1473209605.0,9,10,empatica,734.409
1473210558.0,9,10,empatica,953.169
1473211261.0,9,10,empatica,703.157
1473212074.0,9,10,empatica,812.537
1473212933.0,9,10,empatica,859.414
1473213699.0,9,10,empatica,765.66
1473214480.0,9,10,empatica,781.286
1473215449.0,9,10,empatica,968.794
1473216215.0,9,10,empatica,765.66
1473272264.0,9,10,empatica,796.911
1473277733.0,9,10,empatica,1031.297
1473284905.0,9,10,empatica,843.789
1473285749.0,9,10,empatica,843.789
1473286608.0,9,10,empatica,859.414
1473287405.0,9,10,empatica,796.911
1473288187.0,9,10,empatica,781.286
1473289015.0,9,10,empatica,828.163
1473289874.0,9,10,empatica,859.414
1473290859.0,9,10,empatica,984.42
1473291718.0,9,10,empatica,859.414
1473292609.0,9,10,empatica,890.666
1473293374.0,9,10,empatica,765.66
1473294109.0,9,10,empatica,734.409
1473303344.0,9,10,empatica,781.286
1473304297.0,9,10,empatica,953.169
1473305078.0,9,10,empatica,781.286
1473305906.0,9,10,empatica,828.163
1473306703.0,9,10,empatica,796.911
1473307516.0,9,10,empatica,812.537
1473314891.0,9,10,empatica,718.783
1473315657.0,9,10,empatica,765.66
1473316344.0,9,10,empatica,687.531
1473317204.0,9,10,empatica,859.414
1473317922.0,9,10,empatica,718.783
1473318594.0,9,10,empatica,671.906
1473337642.0,9,10,empatica,1062.549
1473338611.0,9,10,empatica,968.794
1473348533.0,9,10,empatica,750.034
1473355674.0,9,10,empatica,687.531
1473356424.0,9,10,empatica,750.034
1473357252.0,9,10,empatica,828.163
1473358080.0,9,10,empatica,828.163
1473358924.0,9,10,empatica,843.789
1473359659.0,9,10,empatica,734.409
1473360393.0,9,10,empatica,734.409
1473361143.0,9,10,empatica,750.034
1473361924.0,9,10,empatica,781.286
1473362706.0,9,10,empatica,781.286
1473363487.0,9,10,empatica,781.286
1473364362.0,9,10,empatica,875.04
1473365112.0,9,10,empatica,750.034
1473365893.0,9,10,empatica,781.286
1473366581.0,9,10,empatica,687.531
1473375222.0,9,10,empatica,875.04
1473376066.0,9,10,empatica,843.789
1473376863.0,9,10,empatica,796.911
1473377566.0,9,10,empatica,703.157
1473378316.0,9,10,empatica,750.034
1473379066.0,9,10,empatica,750.034
1473379925.0,9,10,empatica,859.414
1473380847.0,9,10,empatica,921.917
1473388269.0,9,10,empatica,734.409
1473389019.0,9,10,empatica,750.034
1473389816.0,9,10,empatica,796.911
1473390566.0,9,10,empatica,750.034
1473391441.0,9,10,empatica,875.04
1473392223.0,9,10,empatica,781.286
1473392973.0,9,10,empatica,750.034
1473393707.0,9,10,empatica,734.409
1473394457.0,9,10,empatica,750.034
1473395176.0,9,10,empatica,718.783
1473395863.0,9,10,empatica,687.531
1473396582.0,9,10,empatica,718.783
1473397145.0,9,10,empatica,562.526
1473397942.0,9,10,empatica,796.911
1473398739.0,9,10,empatica,796.911
1473399457.0,9,10,empatica,718.783
1473400285.0,9,10,empatica,828.163
1473401192.0,9,10,empatica,906.291
1473402004.0,9,10,empatica,812.537
1473402942.0,9,10,empatica,937.543
1473406880.0,9,10,empatica,859.414
1473407567.0,9,10,empatica,687.531
1473408473.0,9,10,empatica,906.291
1473409270.0,9,10,empatica,796.911
1473410067.0,9,10,empatica,796.911
1473410911.0,9,10,empatica,843.789
1473411786.0,9,10,empatica,875.04
1473412552.0,9,10,empatica,765.66
1473413364.0,9,10,empatica,812.537
1473414380.0,9,10,empatica,1015.671
1473415177.0,9,10,empatica,796.911
1473416114.0,9,10,empatica,937.543
1473417146.0,9,10,empatica,1031.297
1473421177.0,9,10,empatica,828.163
1473421943.0,9,10,empatica,765.66
1473422818.0,9,10,empatica,875.04
1473423755.0,9,10,empatica,937.543
1473424630.0,9,10,empatica,875.04
1473425365.0,9,10,empatica,734.409
1473426130.0,9,10,empatica,765.66
1473426880.0,9,10,empatica,750.034
1473427740.0,9,10,empatica,859.414
1473428724.0,9,10,empatica,984.42
1473429693.0,9,10,empatica,968.794
1473430693.0,9,10,empatica,1000.046
1473431537.0,9,10,empatica,843.789
1473461663.0,9,10,empatica,812.537
1473462304.0,9,10,empatica,640.654
1473463241.0,9,10,empatica,937.543
1473464038.0,9,10,empatica,796.911
1473476242.0,9,10,empatica,718.783
1473476992.0,9,10,empatica,750.034
1473477820.0,9,10,empatica,828.163
1473478602.0,9,10,empatica,781.286
1473479461.0,9,10,empatica,859.414
1473480227.0,9,10,empatica,765.66
1473480945.0,9,10,empatica,718.783
1473481852.0,9,10,empatica,906.291
1473482711.0,9,10,empatica,859.414
1473483430.0,9,10,empatica,718.783
1473484180.0,9,10,empatica,750.034
1473484914.0,9,10,empatica,734.409
1473485617.0,9,10,empatica,703.157
1473486336.0,9,10,empatica,718.783
1473487086.0,9,10,empatica,750.034
1473508322.0,9,10,empatica,703.157
1473509181.0,9,10,empatica,859.414
1473536823.0,9,10,empatica,703.157
1473581247.0,9,10,empatica,968.794
1473582263.0,9,10,empatica,1015.671
1473583216.0,9,10,empatica,953.169
1473584106.0,9,10,empatica,890.666
1473584981.0,9,10,empatica,875.04
1473585810.0,9,10,empatica,828.163
1473586638.0,9,10,empatica,828.163
1473587482.0,9,10,empatica,843.789
1473588341.0,9,10,empatica,859.414
1473589278.0,9,10,empatica,937.543
1473590169.0,9,10,empatica,890.666
1473591029.0,9,10,empatica,859.414
1473591935.0,9,10,empatica,906.291
